osm_id,name,lat,long
"35112971",Lê Quý ?ôn,10.778454,106.693951
"35113051",Calmette,10.768410,106.698855
"35113101",Lý T? Tr?ng,10.771548,106.693599
"35113101",Lý T? Tr?ng,10.771810,106.693972
"35113101",Lý T? Tr?ng,10.772073,106.694344
"35113101",Lý T? Tr?ng,10.772332,106.694718
"35113101",Lý T? Tr?ng,10.772581,106.695100
"35113101",Lý T? Tr?ng,10.772745,106.695361
"35113620",Lê Th? Riêng,10.771388,106.692819
"35113620",Lê Th? Riêng,10.771397,106.692362
"35113620",Lê Th? Riêng,10.771386,106.691905
"35113620",Lê Th? Riêng,10.771333,106.691452
"35113620",Lê Th? Riêng,10.771243,106.691004
"35113620",Lê Th? Riêng,10.771113,106.690567
"35113620",Lê Th? Riêng,10.770947,106.690142
"35113620",Lê Th? Riêng,10.770757,106.689755
"35114023",Tr??ng ??nh,10.771587,106.696385
"35114072",Lê L?i,10.772116,106.699134
"35114072",Lê L?i,10.772440,106.699452
"35114072",Lê L?i,10.772770,106.699765
"35114072",Lê L?i,10.773025,106.700006
"35114429",Ð? Quang Ð?u,10.767355,106.690608
"35114429",Ð? Quang Ð?u,10.766980,106.690863
"35114429",Ð? Quang Ð?u,10.766602,106.691114
"35114429",Ð? Quang Ð?u,10.766326,106.691286
"35114876",Tôn Th?t Tùng,10.768590,106.689802
"35114956",Tôn Th?t Tùng,10.768914,106.689539
"35114956",Tôn Th?t Tùng,10.769261,106.689247
"35114956",Tôn Th?t Tùng,10.769601,106.688946
"35114956",Tôn Th?t Tùng,10.769881,106.688696
"35115032",Cách M?ng Tháng 8,10.773642,106.689485
"35115101",Nguy?n Trãi,10.771099,106.692942
"35115101",Nguy?n Trãi,10.770837,106.692570
"35115101",Nguy?n Trãi,10.770575,106.692198
"35115101",Nguy?n Trãi,10.770313,106.691825
"35115101",Nguy?n Trãi,10.770055,106.691450
"35115101",Nguy?n Trãi,10.769796,106.691075
"35115101",Nguy?n Trãi,10.769538,106.690699
"35115101",Nguy?n Trãi,10.769321,106.690383
"120276783",Yersin,10.767343,106.697321
"120276783",Yersin,10.767647,106.697180
"120276784",Tôn Th?t Tùng,10.770148,106.688433
"120276784",Tôn Th?t Tùng,10.770464,106.688106
"120276784",Tôn Th?t Tùng,10.770631,106.687933
"192680151",Nguy?n Thái H?c,10.766803,106.696057
"192680151",Nguy?n Thái H?c,10.766427,106.696273
"192680173",Nguy?n Th? Ngh?a,10.771049,106.693529
"192680173",Nguy?n Th? Ngh?a,10.770670,106.693774
"192680173",Nguy?n Th? Ngh?a,10.770393,106.693944
"192680178",Nguy?n Th? Ngh?a,10.770358,106.694077
"192680178",Nguy?n Th? Ngh?a,10.770743,106.693837
"192680178",Nguy?n Th? Ngh?a,10.771116,106.693589
"193256696",Nguy?n Th? Minh Khai,10.776150,106.691813
"193256696",Nguy?n Th? Minh Khai,10.776484,106.692120
"193256696",Nguy?n Th? Minh Khai,10.776817,106.692430
"193256696",Nguy?n Th? Minh Khai,10.777103,106.692693
"203215338",Nguy?n Thái H?c,10.766513,106.696345
"203215338",Nguy?n Thái H?c,10.766879,106.696132
"215424982",Nguy?n Thái H?c,10.768272,106.695189
"215508133",Nguy?n Thái H?c,10.767691,106.695525
"215508133",Nguy?n Thái H?c,10.767389,106.695706
"215508134",Nguy?n Thái H?c,10.767200,106.695944
"215508254",Lê L?i,10.772165,106.699069
"215508254",Lê L?i,10.772508,106.699362
"215508254",Lê L?i,10.772838,106.699674
"215508254",Lê L?i,10.773097,106.699918
"220862996",Cách M?ng Tháng 8,10.772551,106.691316
"220862996",Cách M?ng Tháng 8,10.772326,106.691713
"220862996",Cách M?ng Tháng 8,10.772104,106.692111
"220862996",Cách M?ng Tháng 8,10.771881,106.692509
"220862996",Cách M?ng Tháng 8,10.771655,106.692904
"220862996",Cách M?ng Tháng 8,10.771489,106.693092
"220863461",Cách M?ng Tháng 8,10.772192,106.692127
"220863461",Cách M?ng Tháng 8,10.772411,106.691727
"220863461",Cách M?ng Tháng 8,10.772622,106.691341
"227739703",Nguy?n Th? Minh Khai,10.774084,106.689928
"227739703",Nguy?n Th? Minh Khai,10.774411,106.690244
"227739703",Nguy?n Th? Minh Khai,10.774682,106.690506
"245571623",Lê Lai,10.771033,106.696314
"245571623",Lê Lai,10.770860,106.695891
"245571623",Lê Lai,10.770687,106.695469
"245571623",Lê Lai,10.770514,106.695047
"245571623",Lê Lai,10.770344,106.694632
"257394825",Cách M?ng Tháng 8,10.771613,106.693149
"257394825",Cách M?ng Tháng 8,10.771844,106.692758
"257394825",Cách M?ng Tháng 8,10.772019,106.692443
"285894645",Ph?m Ng? Lão,10.767629,106.690695
"285894645",Ph?m Ng? Lão,10.767799,106.691118
"285894645",Ph?m Ng? Lão,10.767968,106.691542
"285894645",Ph?m Ng? Lão,10.768138,106.691966
"285894645",Ph?m Ng? Lão,10.768308,106.692389
"285894645",Ph?m Ng? Lão,10.768478,106.692813
"285894645",Ph?m Ng? Lão,10.768613,106.693150
"288732439",Nguy?n Th? Minh Khai,10.771405,106.687386
"288732439",Nguy?n Th? Minh Khai,10.771735,106.687698
"288732439",Nguy?n Th? Minh Khai,10.772065,106.688011
"288732439",Nguy?n Th? Minh Khai,10.772395,106.688324
"288732439",Nguy?n Th? Minh Khai,10.772724,106.688636
"288732439",Nguy?n Th? Minh Khai,10.773054,106.688949
"288732439",Nguy?n Th? Minh Khai,10.773305,106.689187
"289968627",C?ng Qu?nh,10.766816,106.687986
"289968627",C?ng Qu?nh,10.766942,106.687676
"320379106",Lê Thánh Tôn,10.772727,106.696977
"320379106",Lê Thánh Tôn,10.772497,106.696620
"326770976",Nguy?n Trãi,10.767862,106.688800
"326770976",Nguy?n Trãi,10.767540,106.688581
"326770977",Lê Lai,10.770075,106.693972
"326771006",Nam K? Kh?i Ngh?a,10.778350,106.696323
"326772491",Hàm Nghi,10.770821,106.701219
"326848022",Hàm Nghi,10.770906,106.699389
"326848022",Hàm Nghi,10.770879,106.699844
"326848022",Hàm Nghi,10.770860,106.700301
"326848022",Hàm Nghi,10.770841,106.700758
"326848022",Hàm Nghi,10.770826,106.701103
"326849844",Nguy?n Th? Minh Khai,10.774962,106.690758
"326849844",Nguy?n Th? Minh Khai,10.775294,106.691068
"326849844",Nguy?n Th? Minh Khai,10.775624,106.691381
"326849844",Nguy?n Th? Minh Khai,10.775818,106.691534
"327097648",Ngã n?m C?ng Qu?nh,10.766772,106.688229
"329878183",Nam K? Kh?i Ngh?a,10.776646,106.698151
"329878183",Nam K? Kh?i Ngh?a,10.776339,106.698487
"329878183",Nam K? Kh?i Ngh?a,10.776031,106.698822
"329878183",Nam K? Kh?i Ngh?a,10.775849,106.699017
"329878185",Nguy?n Du,10.776633,106.697828
"329878185",Nguy?n Du,10.776300,106.697519
"329878185",Nguy?n Du,10.775966,106.697211
"329878185",Nguy?n Du,10.775632,106.696903
"329878185",Nguy?n Du,10.775299,106.696594
"329878185",Nguy?n Du,10.774965,106.696285
"329878185",Nguy?n Du,10.774656,106.695956
"329878185",Nguy?n Du,10.774392,106.695584
"329878185",Nguy?n Du,10.774130,106.695212
"329878185",Nguy?n Du,10.773869,106.694838
"329878185",Nguy?n Du,10.773679,106.694566
"408162167",Bùi Th? Xuân,10.772218,106.690696
"408162167",Bùi Th? Xuân,10.771915,106.690411
"465990774",Ð? Quang Ð?u,10.768251,106.690042
"465990774",Ð? Quang Ð?u,10.767865,106.690281
"465990774",Ð? Quang Ð?u,10.767608,106.690441
"466039048",Nguy?n Th? Ngh?a,10.769440,106.694627
"466039048",Nguy?n Th? Ngh?a,10.769795,106.694422
"466112794",Tr?n H?ng ??o,10.766834,106.694498
"466112794",Tr?n H?ng ??o,10.767178,106.694796
"466112794",Tr?n H?ng ??o,10.767521,106.695093
"466112794",Tr?n H?ng ??o,10.767789,106.695326
"466130926",Ph?m H?ng Thái,10.771272,106.693677
"466130926",Ph?m H?ng Thái,10.771240,106.694132
"466130926",Ph?m H?ng Thái,10.771216,106.694588
"466130926",Ph?m H?ng Thái,10.771193,106.695045
"466130926",Ph?m H?ng Thái,10.771176,106.695383
"466200149",Ngã sáu Phù ??ng,10.771205,106.693247
"466513741",Cách M?ng Tháng 8,10.773560,106.689407
"472412762",C?ng Qu?nh,10.766582,106.688571
"472412762",C?ng Qu?nh,10.766412,106.688946
"472412762",C?ng Qu?nh,10.766089,106.689561
"472412762",C?ng Qu?nh,10.764581,106.690636
"541781966",Bùi Th? Xuân,10.772692,106.691136
"550955110",Yersin,10.769606,106.696267
"550955110",Yersin,10.769375,106.696389
"565040730",Bùi Th? Xuân,10.769834,106.688434
"565040730",Bùi Th? Xuân,10.769511,106.688114
"565040730",Bùi Th? Xuân,10.769180,106.687803
"565040730",Bùi Th? Xuân,10.768943,106.687583
"565040731",Bùi Th? Xuân,10.770136,106.688733
"605133444",Nam K? Kh?i Ngh?a,10.770634,106.701301
"654858471",Tr??ng ??nh,10.775993,106.691649
"682105048",Ph?m Ng? Lão,10.769220,106.694682
"682105050",Yersin,10.769239,106.696458
"682107400",Ph?m Ng? Lão,10.769326,106.694949
"682107400",Ph?m Ng? Lão,10.769494,106.695373
"682107400",Ph?m Ng? Lão,10.769662,106.695797
"682107400",Ph?m Ng? Lão,10.769776,106.696086
"703307393",Tr?n H?ng ??o,10.768023,106.695436
"703307394",Nguy?n Thái H?c,10.767926,106.695396
"703307395",Nguy?n Thái H?c,10.768113,106.695460
"703307396",Tr?n H?ng ??o,10.768296,106.695672
"703307396",Tr?n H?ng ??o,10.768636,106.695973
"703307396",Tr?n H?ng ??o,10.768976,106.696275
"703307396",Tr?n H?ng ??o,10.769175,106.696451
"703307397",Nguy?n Thái H?c,10.767996,106.695353
"703307398",Tr?n H?ng ??o,10.767863,106.695178
"703307399",Tr?n H?ng ??o,10.768085,106.695377
"703307400",Nguy?n Thái H?c,10.768170,106.695405
"715818180",C?ng Qu?nh,10.768023,106.685294
"715818180",C?ng Qu?nh,10.768154,106.685004
"715839334",Nguy?n Th? Minh Khai,10.768571,106.684778
"715839334",Nguy?n Th? Minh Khai,10.768906,106.685085
"715839334",Nguy?n Th? Minh Khai,10.769240,106.685393
"715839334",Nguy?n Th? Minh Khai,10.769575,106.685700
"715839334",Nguy?n Th? Minh Khai,10.769888,106.685988
"716065020",???ng Lý T? Tr?ng,10.775004,106.698304
"716065020",???ng Lý T? Tr?ng,10.775341,106.698608
"716065020",???ng Lý T? Tr?ng,10.775665,106.698904
"716746055",C?ng Qu?nh,10.767840,106.685674
"716746056",C?ng Qu?nh,10.767772,106.685953
"716746056",C?ng Qu?nh,10.767849,106.685705
"716746057",C?ng Qu?nh,10.767889,106.685586
"718499698",Hàm Nghi,10.771151,106.700829
"718499698",Hàm Nghi,10.771172,106.700373
"718499698",Hàm Nghi,10.771194,106.699916
"718499698",Hàm Nghi,10.771215,106.699460
"718499698",Hàm Nghi,10.771179,106.699158
"719043756",Ph?m H?ng Thái,10.771183,106.696419
"719043756",Ph?m H?ng Thái,10.771204,106.695962
"719043756",Ph?m H?ng Thái,10.771225,106.695505
"719043756",Ph?m H?ng Thái,10.771250,106.695049
"719043756",Ph?m H?ng Thái,10.771265,106.694788
"722054809",Tr?n H?ng ??o,10.767530,106.694884
"722054809",Tr?n H?ng ??o,10.767188,106.694585
"722054809",Tr?n H?ng ??o,10.766846,106.694286
"722054809",Tr?n H?ng ??o,10.766504,106.693987
"722054809",Tr?n H?ng ??o,10.766162,106.693688
"722054809",Tr?n H?ng ??o,10.765820,106.693389
"722054809",Tr?n H?ng ??o,10.765478,106.693090
"722054809",Tr?n H?ng ??o,10.765136,106.692791
"722054809",Tr?n H?ng ??o,10.764914,106.692598
"722054810",Tr?n H?ng ??o,10.768104,106.695505
"722054811",Nguy?n Thái H?c,10.769183,106.694776
"722054812",Nguy?n Thái H?c,10.767962,106.695527
"723575893",Nguy?n Thái H?c,10.767549,106.695742
"723575893",Nguy?n Thái H?c,10.767832,106.695581
"723575894",Nguy?n Thái H?c,10.767140,106.695857
"723823269",Cách M?ng Tháng 8,10.773529,106.689685
"723828605",Nguy?n Th??ng Hi?n,10.770402,106.686419
"723841572",Nguy?n Th? Ngh?a,10.770061,106.694264
"723849326",Nguy?n Th? Minh Khai,10.770204,106.686272
"723849326",Nguy?n Th? Minh Khai,10.770379,106.686426
"723868605",Tr?n H?ng ??o,10.769762,106.696803
"723868605",Tr?n H?ng ??o,10.769476,106.696522
"723893361",Lê Lai,10.770147,106.694150
"724042273",Ph?m Ng? Lão,10.766948,106.688845
"724042273",Ph?m Ng? Lão,10.767104,106.689274
"724042273",Ph?m Ng? Lão,10.767245,106.689666
"724060390",Tr?n H?ng ??o,10.768140,106.695324
"724060391",Tr?n H?ng ??o,10.769175,106.696254
"724060391",Tr?n H?ng ??o,10.768834,106.695954
"724060391",Tr?n H?ng ??o,10.768493,106.695653
"724060391",Tr?n H?ng ??o,10.768300,106.695483
"724060392",Nguy?n Thái H?c,10.768834,106.694856
"724060392",Nguy?n Thái H?c,10.768546,106.695032
"724060393",Nguy?n Thái H?c,10.769114,106.694684
"724060394",Nguy?n Thái H?c,10.768232,106.695344
"724091816",Tr?n H?ng ??o,10.766740,106.694333
"724091817",Tr?n H?ng ??o,10.766918,106.694488
"724091817",Tr?n H?ng ??o,10.767264,106.694783
"724091817",Tr?n H?ng ??o,10.767611,106.695076
"724091817",Tr?n H?ng ??o,10.767876,106.695302
"724094361",Nguy?n Trãi,10.769084,106.690081
"724094361",Nguy?n Trãi,10.768837,106.689794
"724125651",Nguy?n Th? Ngh?a,10.770022,106.694163
"724391095",Lê Thánh Tôn,10.772267,106.696264
"724391095",Lê Thánh Tôn,10.772122,106.696038
"724391096",Lê Thánh Tôn,10.771500,106.695083
"724391096",Lê Thánh Tôn,10.771318,106.694826
"724391097",Lê Thánh Tôn,10.771749,106.695457
"724391098",Lê Thánh Tôn,10.771984,106.695824
"724436409",Cách M?ng Tháng 8,10.773046,106.690381
"724436409",Cách M?ng Tháng 8,10.772834,106.690785
"724436409",Cách M?ng Tháng 8,10.772694,106.691052
"724436410",Bùi Th? Xuân,10.772494,106.691012
"724436411",Bùi Th? Xuân,10.772548,106.690956
"732571882",Nguy?n Du,10.776804,106.697988
"749986988",Nam K? Kh?i Ngh?a,10.778042,106.696656
"749986988",Nam K? Kh?i Ngh?a,10.777734,106.696990
"749986988",Nam K? Kh?i Ngh?a,10.777425,106.697324
"749986988",Nam K? Kh?i Ngh?a,10.777116,106.697658
"749986988",Nam K? Kh?i Ngh?a,10.776882,106.697905
"758852506",Lê Du?n,10.778199,106.696491
"817119559",Tr?n H?ng ??o,10.769154,106.696525
"817119560",Tr?n H?ng ??o,10.769371,106.696630
"817119560",Tr?n H?ng ??o,10.769704,106.696940
"817119560",Tr?n H?ng ??o,10.770037,106.697249
"817119560",Tr?n H?ng ??o,10.770231,106.697429
"817119561",Yersin,10.769171,106.696494
"817119562",Tr?n H?ng ??o,10.769105,106.696288
"817119562",Tr?n H?ng ??o,10.768766,106.695985
"817119562",Tr?n H?ng ??o,10.768427,106.695683
"817119562",Tr?n H?ng ??o,10.768201,106.695482
"817513414",Nguy?n Th? Minh Khai,10.773579,106.689482
"817914011",Tr?n H?ng ??o,10.767946,106.695465
"817914013",Nguy?n Thái H?c,10.768044,106.695504
"817914014",Tr?n H?ng ??o,10.768180,106.695667
"817914014",Tr?n H?ng ??o,10.768521,106.695967
"817914014",Tr?n H?ng ??o,10.768862,106.696267
"817914014",Tr?n H?ng ??o,10.769085,106.696464
"817914015",Nguy?n Thái H?c,10.768055,106.695296
"817914016",Tr?n H?ng ??o,10.768031,106.695242
"818385418",Cách M?ng Tháng 8,10.772834,106.690955
"818385418",Cách M?ng Tháng 8,10.773052,106.690555
"818385418",Cách M?ng Tháng 8,10.773271,106.690155
"818385418",Cách M?ng Tháng 8,10.773410,106.689901
"880079910",Nguy?n Trãi,10.768578,106.689519
"880079910",Nguy?n Trãi,10.768262,106.689192
"880079910",Nguy?n Trãi,10.768071,106.688985
"1019648661",Tr?n H?ng ??o,10.767809,106.695058
"1019648661",Tr?n H?ng ??o,10.767468,106.694758
"1019648661",Tr?n H?ng ??o,10.767127,106.694458
"1019648661",Tr?n H?ng ??o,10.766936,106.694290
"1019648669",Tr?n H?ng ??o,10.765739,106.693237
"1019648669",Tr?n H?ng ??o,10.765415,106.692949
"1019648673",Tr?n H?ng ??o,10.766745,106.694122
"1019648673",Tr?n H?ng ??o,10.766404,106.693822
"1019648673",Tr?n H?ng ??o,10.766072,106.693529
"1019648682",,10.768998,106.696145
"1019648683",,10.768907,106.696261
"1027254616",Ký Con,10.767826,106.697854
"1027254616",Ký Con,10.768156,106.697543
"1027254616",Ký Con,10.768484,106.697228
"1027254616",Ký Con,10.768764,106.696970
"1041892671",Ph?m Ng? Lão,10.770071,106.696852
"1041892671",Ph?m Ng? Lão,10.769908,106.696426
"1041892671",Ph?m Ng? Lão,10.769816,106.696187
"1044171790",Tr?n H?ng ??o,10.770088,106.697180
"1044171790",Tr?n H?ng ??o,10.769753,106.696873
"1044171790",Tr?n H?ng ??o,10.769430,106.696579
"1120394224",Bùi Th? Xuân,10.767772,106.686471
"1120394224",Bùi Th? Xuân,10.767978,106.686636
"1120394225",Bùi Th? Xuân,10.767887,106.686466
"1120394225",Bùi Th? Xuân,10.767681,106.686275
"1120414528",C?ng Qu?nh,10.767503,106.686524
"1128344409",Công tr??ng Quách Th? Trang,10.771215,106.698632
"1128344409",Công tr??ng Quách Th? Trang,10.771021,106.698996
"1128344410",Công tr??ng Quách Th? Trang,10.771219,106.698868
"1128344410",Công tr??ng Quách Th? Trang,10.771357,106.698580
"1128344411",Công tr??ng Quách Th? Trang,10.771971,106.698792
"1128344411",Công tr??ng Quách Th? Trang,10.771609,106.698551
"1128344412",Công tr??ng Quách Th? Trang,10.771576,106.698643
"1128344412",Công tr??ng Quách Th? Trang,10.771859,106.698875
"1128344999",Công tr??ng Quách Th? Trang,10.771353,106.698401
"1128345000",Lê Lai,10.771241,106.696864
"1128345000",Lê Lai,10.771410,106.697288
"1128345000",Lê Lai,10.771559,106.697715
"1128345001",Lê Lai,10.771632,106.697656
"1128345001",Lê Lai,10.771459,106.697234
"1128345001",Lê Lai,10.771281,106.696830
"1128345002",Công tr??ng Quách Th? Trang,10.771423,106.698459
"1128345003",Công tr??ng Quách Th? Trang,10.771365,106.698467
"1128345004",Công tr??ng Quách Th? Trang,10.771411,106.698393
"1132278756",Lê Lai,10.771146,106.696586
"1132333807",Ph?m Ng? Lão,10.770204,106.697199
"1132333808",Ph?m Ng? Lão,10.770097,106.697101
"1144283676",Nguy?n Th? Minh Khai,10.773466,106.689355
"1144283678",Cách M?ng Tháng 8,10.773504,106.689507
"1155340877",Phó ??c Chính,10.770942,106.698973
"1155340878",Phó ??c Chính,10.770862,106.699126
"1156562233",Tr?n H?ng ??o,10.769339,106.696692
"1156562233",Tr?n H?ng ??o,10.769674,106.696998
"1156562233",Tr?n H?ng ??o,10.770012,106.697302
"1156562233",Tr?n H?ng ??o,10.770227,106.697443
"1156562234",Ký Con,10.769187,106.696508
"1162414403",Tr??ng ??nh,10.773767,106.694307
"1162414403",Tr??ng ??nh,10.774063,106.693961
"1162414403",Tr??ng ??nh,10.774359,106.693616
"1162414403",Tr??ng ??nh,10.774655,106.693270
"1162414403",Tr??ng ??nh,10.774946,106.692921
"1162414403",Tr??ng ??nh,10.775236,106.692570
"1162414403",Tr??ng ??nh,10.775525,106.692219
"1162414403",Tr??ng ??nh,10.775815,106.691868
"1162414403",Tr??ng ??nh,10.775970,106.691675
"1173914714",Bùi Th? Xuân,10.768606,106.687253
"1173914714",Bùi Th? Xuân,10.768403,106.687048
"1173914715",Bùi Th? Xuân,10.768821,106.687464
"1174192434",Ph?m Ng? Lão,10.766812,106.688495
"1174192435",Ph?m Ng? Lão,10.767388,106.690058
"1174192435",Ph?m Ng? Lão,10.767506,106.690378
"1174203561",Phó ??c Chính,10.770605,106.699212
"1175008029",Lê Lai,10.769475,106.692482
"1175008029",Lê Lai,10.769305,106.692058
"1175008029",Lê Lai,10.769134,106.691635
"1175008029",Lê Lai,10.768963,106.691212
"1175008029",Lê Lai,10.768792,106.690789
"1175008029",Lê Lai,10.768622,106.690365
"1175008029",Lê Lai,10.768490,106.690038
"1177820835",Nguy?n Thái H?c,10.768467,106.695199
"1177820835",Nguy?n Thái H?c,10.768858,106.694969
"1177820835",Nguy?n Thái H?c,10.769088,106.694834
"1178195270",Lê Thánh Tôn,10.773934,106.698839
"1178195270",Lê Thánh Tôn,10.773679,106.698462
"1178195270",Lê Thánh Tôn,10.773496,106.698190
"1180976159",Cách M?ng Tháng 8,10.773365,106.689773
"1180976159",Cách M?ng Tháng 8,10.773206,106.690077
"1185215939",Ngã n?m C?ng Qu?nh,10.766659,106.688350
"1185215940",Ngã n?m C?ng Qu?nh,10.766785,106.688320
"1185264964",Lê Thánh Tôn,10.773320,106.697912
"1185264964",Lê Thánh Tôn,10.773178,106.697684
"1185268320",Phó ??c Chính,10.770246,106.699428
"1185268320",Phó ??c Chính,10.769858,106.699661
"1185268320",Phó ??c Chính,10.769542,106.699851
"1185424339",Nguy?n Trãi,10.767187,106.688421
"1185424339",Nguy?n Trãi,10.766887,106.688306
"1185425438",Lê Lai,10.768355,106.689712
"1185425438",Lê Lai,10.768204,106.689360
"1185864079",Công tr??ng Quách Th? Trang,10.771549,106.698217
"1185864079",Công tr??ng Quách Th? Trang,10.771663,106.697941
"1185915486",Nguy?n Th? Minh Khai,10.770548,106.686587
"1185915486",Nguy?n Th? Minh Khai,10.770878,106.686899
"1185915486",Nguy?n Th? Minh Khai,10.771143,106.687141
"1201009710",Nguy?n Th? Minh Khai,10.775848,106.691512
"1201009711",Nguy?n Th? Minh Khai,10.775916,106.691593
"1207122945",Phó ??c Chính,10.769396,106.699939
"1211088878",Phan B?i Châu,10.772214,106.698870
"1217870281",Công tr??ng Quách Th? Trang,10.771197,106.698313
"1217870282",Công tr??ng Quách Th? Trang,10.771222,106.698226
"1217870283",Công tr??ng Quách Th? Trang,10.771494,106.698149
"1217870283",Công tr??ng Quách Th? Trang,10.771382,106.698358
"1218693155",Ph?m Ng? Lão,10.768747,106.693487
"1218693155",Ph?m Ng? Lão,10.768915,106.693911
"1218693155",Ph?m Ng? Lão,10.769083,106.694336
"1218693155",Ph?m Ng? Lão,10.769183,106.694588
"1218695543",Bùi Th? Xuân,10.768205,106.686838
"1218695543",Bùi Th? Xuân,10.768033,106.686658
"1219420939",Tôn Th?t Tùng,10.770788,106.687751
"1219420939",Tôn Th?t Tùng,10.771085,106.687407
"1219420939",Tôn Th?t Tùng,10.771238,106.687233
"1220049397",Lê Lai,10.770214,106.694313
"1220172472",Nguy?n Th? Ngh?a,10.769720,106.694336
"1220172472",Nguy?n Th? Ngh?a,10.769361,106.694538
"1221943882",Ký Con,10.767658,106.698008
"1228345132",Lê L?i,10.773166,106.699693
"1228345132",Lê L?i,10.772836,106.699380
"1228345132",Lê L?i,10.772507,106.699067
"1228345132",Lê L?i,10.772302,106.698873
"1228345136",Calmette,10.769558,106.697966
"1228345136",Calmette,10.769797,106.697787
"1228345137",Lê L?i,10.773087,106.699778
"1228345137",Lê L?i,10.772757,106.699466
"1228345137",Lê L?i,10.772427,106.699154
"1228345137",Lê L?i,10.772214,106.698952
"1228550741",Tr??ng ??nh,10.771340,106.696546
"1228550742",Tr??ng ??nh,10.772274,106.695858
"1228550742",Tr??ng ??nh,10.772617,106.695570
"1228551477",Calmette,10.770037,106.697610
"1228551477",Calmette,10.770240,106.697467
"1228551656",Ký Con,10.769033,106.696710
"1228572417",Calmette,10.768592,106.698711
"1228572417",Calmette,10.768950,106.698432
"1228572417",Calmette,10.769252,106.698197
"1239028499",???ng Lý T? Tr?ng,10.775822,106.699047
"1262474510",Ph?m Vi?t Chánh,10.767925,106.685496
"1265213606",Lê Lai,10.768090,106.689081
"1265405856",Bà Huy?n Thanh Quan,10.774814,106.690584
"1265743176",Ngã sáu Phù ??ng,10.771478,106.693212
"1265743177",Ngã sáu Phù ??ng,10.771445,106.693367
"1265743189",Ngã sáu Phù ??ng,10.771387,106.693062
"1265743190",Ngã sáu Phù ??ng,10.771243,106.693415
"1265743191",Nguy?n Th? Ngh?a,10.770219,106.694049
"1267006205",Ngã n?m C?ng Qu?nh,10.766717,106.688198
"1267006212",Tr?n H?ng ??o,10.768234,106.695422
"1267006213",Ngã sáu Phù ??ng,10.771353,106.693448
"1267006214",Nguy?n Th? Minh Khai,10.773774,106.689640
"1267006215",Nguy?n Th? Minh Khai,10.778616,106.694110
"1267006215",Nguy?n Th? Minh Khai,10.778951,106.694418
"1267006215",Nguy?n Th? Minh Khai,10.779286,106.694725
"1267006215",Nguy?n Th? Minh Khai,10.779512,106.694933
"1267006225",Yersin,10.769310,106.696422
"1267138239",Ngã sáu Phù ??ng,10.771266,106.693091
"1267694075",Nam K? Kh?i Ngh?a,10.770756,106.701248
"1267913078",Tr?n H?ng ??o,10.770426,106.697608
"1267913078",Tr?n H?ng ??o,10.770761,106.697915
"1267913078",Tr?n H?ng ??o,10.770997,106.698130
"1267913079",???ng Lý T? Tr?ng,10.772920,106.695613
"1267913079",???ng Lý T? Tr?ng,10.773185,106.695983
"1267913079",???ng Lý T? Tr?ng,10.773450,106.696354
"1267913079",???ng Lý T? Tr?ng,10.773714,106.696725
"1267913079",???ng Lý T? Tr?ng,10.773921,106.697016
"1267913080",Tr??ng ??nh,10.772937,106.695257
"1267913080",Tr??ng ??nh,10.773237,106.694915
"1267913080",Tr??ng ??nh,10.773503,106.694612
"1267913090",Nam K? Kh?i Ngh?a,10.775743,106.699094
"1267913092",Lê Thánh Tôn,10.774487,106.699407
"1267913092",Lê Thánh Tôn,10.774196,106.699135
"1268380525",Lê L?i,10.773426,106.699941
"1268643577",,10.770823,106.701218
"1269264061",Ngã n?m C?ng Qu?nh,10.766717,106.688367
"1276296304",Bùi Th? Xuân,10.770700,106.689266
"1276296304",Bùi Th? Xuân,10.770407,106.688990
"1276296305",Lê Th? Riêng,10.770555,106.689374
"1276296305",Lê Th? Riêng,10.770363,106.689021
"1276694408",Bùi Th? Xuân,10.771613,106.690126
"1276694408",Bùi Th? Xuân,10.771282,106.689814
"1276694408",Bùi Th? Xuân,10.770991,106.689540
"1278204168",Yersin,10.768498,106.696785
"1278204168",Yersin,10.768912,106.696602
"1278204168",Yersin,10.769130,106.696514
"1289160316",Lê Lai,10.769938,106.693629
"1289160316",Lê Lai,10.769768,106.693206
"1289160316",Lê Lai,10.769622,106.692843
"1296762105",Lê L?i,10.773327,106.700005
"1296762107",Lê L?i,10.773247,106.700058
"1296762109",Lê L?i,10.773149,106.700123
"1307904642",Yersin,10.767951,106.697042
"1307904642",Yersin,10.768227,106.696919
"1313420763",Nguy?n Th? Minh Khai,10.777842,106.693382
"1313420763",Nguy?n Th? Minh Khai,10.778172,106.693694
"1313420763",Nguy?n Th? Minh Khai,10.778393,106.693904
"1328367384",Nguy?n Du,10.773486,106.694294
"1328367384",Nguy?n Du,10.773223,106.693923
"1328367384",Nguy?n Du,10.772958,106.693552
"1328367384",Nguy?n Du,10.772693,106.693182
"1328367384",Nguy?n Du,10.772428,106.692811
"1328367384",Nguy?n Du,10.772189,106.692477
"1343964595",Nam K? Kh?i Ngh?a,10.774079,106.699806
"1343964595",Nam K? Kh?i Ngh?a,10.773780,106.699931
"1344042985",Tr??ng ??nh,10.771852,106.696196
"1344042985",Tr??ng ??nh,10.772066,106.696031
"1344042987",Ph?m H?ng Thái,10.771158,106.695722
"1344042987",Ph?m H?ng Thái,10.771136,106.696178
"1344042987",Ph?m H?ng Thái,10.771123,106.696466
"1346116862",Lê Thánh Tôn,10.773034,106.697456
"1346116862",Lê Thánh Tôn,10.772881,106.697216
"1359546564",C?ng Qu?nh,10.767657,106.686202
"1359546565",C?ng Qu?nh,10.767618,106.686284
"1359546566",Bùi Th? Xuân,10.767576,106.686313
"1359546567",Bùi Th? Xuân,10.767612,106.686231
"1359552381",Nguy?n Th? Minh Khai,10.768378,106.684601
"1359552384",C?ng Qu?nh,10.768423,106.684585
"1359552387",C?ng Qu?nh,10.768309,106.684782
"1359552388",C?ng Qu?nh,10.768193,106.684919
"1368966928",Tr?n H?ng ??o,10.770901,106.697930
"1368966928",Tr?n H?ng ??o,10.770568,106.697621
"1368966928",Tr?n H?ng ??o,10.770329,106.697400
"1391978411",???ng Lý T? Tr?ng,10.774127,106.697307
"1391978411",???ng Lý T? Tr?ng,10.774408,106.697664
"1391978411",???ng Lý T? Tr?ng,10.774698,106.697992
"1423071618",Ngã sáu Phù ??ng,10.771401,106.693426
"1423071621",Ph?m H?ng Thái,10.771279,106.694527
"1423071621",Ph?m H?ng Thái,10.771302,106.694071
"1423071621",Ph?m H?ng Thái,10.771336,106.693639
"1423071622",Ngã sáu Phù ??ng,10.771305,106.693452
